<?xml version="1.0" encoding="UTF-8"?>
<project-private xmlns="http://www.netbeans.org/ns/project-private/1">
    <editor-bookmarks xmlns="http://www.netbeans.org/ns/editor-bookmarks/2" lastBookmarkId="0"/>
    <open-files xmlns="http://www.netbeans.org/ns/projectui-open-files/2">
        <group>
            <file>file:/C:/Users/hj101/Documents/NetBeansProjects/Project/src/project/Display.java</file>
            <file>file:/C:/Users/hj101/Documents/NetBeansProjects/Project/src/project/Find.java</file>
            <file>file:/C:/Users/hj101/Documents/NetBeansProjects/Project/src/project/Project.java</file>
            <file>file:/C:/Users/hj101/Documents/NetBeansProjects/Project/src/project/NewEntry.java</file>
            <file>file:/C:/Users/hj101/Documents/NetBeansProjects/Project/src/project/MainMenu.java</file>
            <file>file:/C:/Users/hj101/Documents/NetBeansProjects/Project/src/project/Update.java</file>
        </group>
    </open-files>
</project-private>
